human_pos,gp_pos,consensus,gp_aa,mutation,region,conservation,consensus_frac,gp_shared_frac,anc_placental,anc_mammal,anc_hystrico,diverged_from_ancestor,dist_to_active_site,in_structure
9,12,G,S,G9S,N-terminal (MYND/Zn-finger + linker),0.823,0.921,0.079,G,G,S,True,,False
259,222,I,V,I259V,catalytic domain (2OG-Fe(II) oxygenase),0.794,0.927,0.073,I,I,V,True,17.5,True
49,52,Q,R,Q49R,N-terminal (MYND/Zn-finger + linker),0.785,0.923,0.077,Q,Q,R,True,,False
85,71,P,V,P85V,N-terminal (MYND/Zn-finger + linker),0.747,0.811,0.027,P,P,A,True,,False
143,108,E,R,E143R,N-terminal (MYND/Zn-finger + linker),0.739,0.923,0.051,E,E,R,True,,False
96,81,A,T,A96T,N-terminal (MYND/Zn-finger + linker),0.723,0.868,0.079,A,A,T,True,,False
223,186,G,S,G223S,catalytic domain (2OG-Fe(II) oxygenase),0.71,1.0,0.0,G,G,G,True,20.6,True
221,184,Q,L,Q221L,catalytic domain (2OG-Fe(II) oxygenase),0.693,0.976,0.0,Q,Q,Q,True,24.5,True
171,131,E,V,E171V,N-terminal (MYND/Zn-finger + linker),0.658,0.789,0.0,E,E,E,True,,False
8,11,P,L,P8L,N-terminal (MYND/Zn-finger + linker),0.646,0.868,0.079,P,P,L,True,,False
291,254,K,M,K291M,catalytic domain (2OG-Fe(II) oxygenase),0.645,0.829,0.0,K,K,K,True,21.5,True
103,96,A,T,A103T,N-terminal (MYND/Zn-finger + linker),0.633,0.737,0.0,A,A,A,True,,False
144,109,P,R,P144R,N-terminal (MYND/Zn-finger + linker),0.596,0.821,0.077,P,P,R,True,,False
148,113,E,A,E148A,N-terminal (MYND/Zn-finger + linker),0.596,0.75,0.075,E,E,A,True,,False
145,110,G,D,G145D,N-terminal (MYND/Zn-finger + linker),0.589,0.487,0.051,G,G,D,True,,False
131,102,P,G,P131G,N-terminal (MYND/Zn-finger + linker),0.528,0.533,0.1,P,P,G,True,,False
161,126,N,L,N161L,N-terminal (MYND/Zn-finger + linker),0.519,0.622,0.081,N,N,L,True,,False
66,69,G,K,G66K,N-terminal (MYND/Zn-finger + linker),0.486,0.545,0.091,G,G,K,True,,False
102,88,S,G,S102G,N-terminal (MYND/Zn-finger + linker),0.464,0.447,0.079,S,S,G,True,,False
146,111,K,P,K146P,N-terminal (MYND/Zn-finger + linker),0.442,0.641,0.077,K,K,P,True,,False
156,121,Y,R,Y156R,N-terminal (MYND/Zn-finger + linker),0.431,0.371,0.086,Y,Y,R,True,,False
136,107,P,G,P136G,N-terminal (MYND/Zn-finger + linker),0.342,0.462,0.051,P,P,G,True,,False
