enhancement_rank,impact_rank,mutation,human_pos,gp_pos,consensus,region,conservation,dist_active_site,esm2_llr,esmc_llr,mpnn_crystal_llr,mpnn_af_llr,msa_logodds,enhancement_score,impact_score,direction_call
1,10,I259V,259,222,I,catalytic_domain,0.794,17.5,-0.7947,3.0749,2.6136,3.2469,-1.229,4.302,0.523,stabilizing/enhancement-compatible
2,12,G223S,223,186,G,catalytic_domain,0.71,20.6,1.4802,3.3942,0.8293,0.7127,-3.71,2.206,0.182,stabilizing/enhancement-compatible
3,22,N102G,102,88,S,N-terminal,0.464,,3.0351,3.1502,,0.2731,0.001,1.479,-3.737,neutral/uncertain
4,18,N161L,161,126,N,N-terminal,0.519,,1.1412,1.7809,,0.6448,-1.871,1.173,-1.606,stabilizing/enhancement-compatible
5,5,G9S,9,12,G,N-terminal,0.823,,0.0834,-0.4118,,0.5051,-2.104,0.98,1.703,stabilizing/enhancement-compatible
6,13,D171V,171,131,E,N-terminal,0.658,,0.5111,0.3647,,0.5609,-2.077,0.925,0.093,stabilizing/enhancement-compatible
7,20,F156R,156,121,Y,N-terminal,0.431,,1.2178,0.3533,,0.7206,-0.405,0.691,-2.602,stabilizing/enhancement-compatible
8,19,K146P,146,111,K,N-terminal,0.442,,0.8814,1.5262,,0.2207,-1.832,0.428,-2.083,neutral/uncertain
9,16,E148A,148,113,E,N-terminal,0.596,,0.9312,0.4864,,-0.0679,-1.455,0.276,-0.812,neutral/uncertain
10,21,S136G,136,107,P,N-terminal,0.342,,0.9423,0.8978,,0.4342,-0.692,0.249,-3.219,neutral/uncertain
11,11,G145D,145,110,G,N-terminal,0.589,,-0.7527,-1.526,,0.8176,-1.686,0.22,0.222,stabilizing/enhancement-compatible
12,7,E143R,143,108,E,N-terminal,0.739,,0.0333,-0.0461,,-0.2342,-2.326,0.11,1.072,neutral/uncertain
13,3,Q49R,49,52,Q,N-terminal,0.785,,-0.5235,-2.1335,,0.076,-2.374,-0.126,2.121,neutral/uncertain
14,14,P144R,144,109,P,N-terminal,0.596,,-0.1466,-0.3311,,-0.0181,-2.168,-0.148,0.015,neutral/uncertain
15,8,Q221L,221,184,Q,catalytic_domain,0.693,24.5,0.3362,-0.4917,-0.7347,-0.8084,-3.019,-0.615,1.03,destabilizing/loss-of-function-like
16,17,A131G,131,102,P,N-terminal,0.528,,-0.3952,-0.413,,-0.8561,-0.693,-1.238,-1.056,destabilizing/loss-of-function-like
17,9,P8L,8,11,P,N-terminal,0.646,,-0.9671,-1.4383,,-0.7617,-2.139,-1.248,0.903,destabilizing/loss-of-function-like
18,6,A103T,103,96,A,N-terminal,0.633,,-1.7111,-1.3486,,-0.7469,-2.673,-1.429,1.233,destabilizing/loss-of-function-like
19,4,A96T,96,81,A,N-terminal,0.723,,-2.0257,-1.7488,,-0.8991,-2.224,-1.535,1.93,destabilizing/loss-of-function-like
20,2,P85V,85,71,P,N-terminal,0.747,,-1.6727,-1.3663,,-2.3365,-2.889,-2.729,2.206,destabilizing/loss-of-function-like
21,1,K291M,291,254,K,catalytic_domain,0.645,21.5,-3.0764,-2.0338,-3.3388,-2.8745,-3.61,-4.04,2.304,destabilizing/loss-of-function-like
22,15,G66K,66,69,G,N-terminal,0.486,,-1.382,-2.0364,,-3.9945,-1.335,-5.134,-0.42,destabilizing/loss-of-function-like
